Title,Description
TRAVEL VLOG âˆ™ Welcome to Bali | PRISCILLA LEE,I had the chance to fly out to Bali with my whole family this Thanksgiving for our first ever trip abroad! I wanted to document my memories so that I can always ...
GOA TRAVEL DIARY | FOUR DAYS IN GOA | TRAVEL OUTFIT IDEAS,"Hope you enjoy MY GOA TRAVEL DIARY this video! Don't forget to subscribe and like this video Thank you for your support, love you guys! BLOG: ..."
The Fourth Manufacturing Revolution | Geoff Tuff | Exponential Manufacturing,"Geoff Tuff's The Fourth Manufacturing Revolution Singularity University's Exponential Manufacturing Summit leads 500+ of the world's brightest executives, ..."
Best travel snacks for the Airplane: you don&#39;t need to eat the soggy microwaved plane food!,"The snacks I bring onto the plane to SAVE me from the processed, toxic, denatured and simply gross-tasting airplane food. Try eating these instead of the bad ..."
Billie Eilish Freaks Out While Eating Spicy Wings | Hot Ones,"Billie Eilish is the hyper-talented singer/songwriter behind platinum hit singles like ""Ocean Eyes"" and ""Lovely,"" and her first studio albumâ€”When We All Fall ..."
"The Great Indian Kapil Show Official Trailer | Kapil Sharma | 30 March, Saturdays 8pm | Netflix","India ho ya Mongolia, hasi ka meter rahega humesha high kyunki aa gaya hai The Great Indian Kapil Show ka trailer😎"
ATIF ASLAM + ARIJIT SINGH MASHUP 205,THE BEAUTIFUL SONGS BY TWO FAMOUS SINGERS
Hanuman Chalisa Super Fast | Hanuman Chalisa,"Embark on a spiritual journey of devotion, strength, and blessings with our video, ""Hanuman Chalisa Super Fast."" In this captivating presentation, we recite the revered Hanuman Chalisa at an accelerated pace, offering you an efficient and immersive experience to connect with the mighty Lord Hanuman."
Deadly Indian Street Food in Chennai!! Do you dare?,"When we think of south Indian food cuisine, the adjectives that came to our mind is delicious, exciting, diverse, savoury and authentic "
Why We Travel: To Appreciate History - Rick Steves’ Europe Travel Guide - Travel Bite,"Rick Steves, America's most respected authority on European travel, writes European travel guidebooks, and hosts travel shows on public television and public radio."
The Secrets of London's Bridges (Travel History Documentary) | TRACKS,"Dan Cruickshank explores the mysteries and secrets of the bridges that have made London what it is. He uncovers stories of Bronze-Age relics emerging from the Vauxhall shore, of why London Bridge was falling down, of midnight corpses splashing beneath Waterloo Bridge, and above all, of the sublime ambition of London's bridge builders themselves."
